XMjUxNDUwNTU3Mg==,白岩松助阵董卿《朗读者》 感叹邻家妹妹做大事,娱乐
XMjUwNzA3NTg4NA==,朗读者董卿述童年往事 再秀满腹诗书实力圈粉,娱乐
XMjYwOTM4OTc2MA==,刘如银《朗读者》刘如银最新一期麦家写给儿子的信火了,电影
XMjY4NDczNDc4NA==,朗读者 朗读,教育
XMjY4NDczNDc4NA==,朗读者 朗读,教育
XMjY2MjYxOTc0OA==,我们都是朗读者-后沟小学国学诵读大赛宣传片,教育
XMjYyOTc5NzY5Ng==,赞美诗，献给亲爱的朗读者,音乐
XMjYzMzQ0NTQ0OA==,巍小朗读者——祖父的园子,教育
XMjY3MjczNzI4MA==,《不能承受的生命之轻》朗读者：胡歌！,综艺
XMjYxMDI0NjY2MA==,《朗读者》董卿对话李亚鹏 写给李嫣的信催人泪下,娱乐
XMTc3MzQ3NjI3Mg==,杜兰特十佳球,体育
XMjc0OTIyODA5Ng==,朗读者 第一季,综艺
XMjY3MTQ2MDE0OA==,人民的名义 TV版,电视剧
XMjc2OTY0MTc1Ng==,西安工程大学《朗读者》 第一期 邓一璇《一花一世界》,综艺
